{
  "metadata": {
    "country": "Netherlands",
    "type": "Passenger stations",
    "language": "nl-NL"
  },
  "stations": [
    { "name": "Aalten" },
    { "name": "Abcoude" },
    { "name": "Akkrum" },
    { "name": "Almelo" },
    { "name": "Almelo de Riet" },
    { "name": "Almere Buiten" },
    { "name": "Almere Centrum" },
    { "name": "Almere Muziekwijk" },
    { "name": "Almere Oostvaarders" },
    { "name": "Alphen aan den Rijn" },
    { "name": "Amersfoort Centraal" },
    { "name": "Amersfoort Schothorst" },
    { "name": "Amsterdam Amstel" },
    { "name": "Amsterdam Bijlmer ArenA" },
    { "name": "Amsterdam Centraal" },
    { "name": "Amsterdam Lelylaan" },
    { "name": "Amsterdam Muiderpoort" },
    { "name": "Amsterdam RAI" },
    { "name": "Amsterdam Science Park" },
    { "name": "Amsterdam Sloterdijk" },
    { "name": "Amsterdam Zuid" },
    { "name": "Anna Paulowna" },
    { "name": "Apeldoorn" },
    { "name": "Appingedam" },
    { "name": "Arkel" },
    { "name": "Arnhem Centraal" },
    { "name": "Arnhem Presikhaaf" },
    { "name": "Assen" },

    { "name": "Baarn" },
    { "name": "Barendrecht" },
    { "name": "Barneveld Centrum" },
    { "name": "Barneveld Noord" },
    { "name": "Bedum" },
    { "name": "Beek-Elsloo" },
    { "name": "Beilen" },
    { "name": "Best" },
    { "name": "Beverwijk" },
    { "name": "Bilthoven" },
    { "name": "Bloemendaal" },
    { "name": "Bodegraven" },
    { "name": "Boxtel" },
    { "name": "Breda" },
    { "name": "Breda-Prinsenbeek" },
    { "name": "Breukelen" },
    { "name": "Brummen" },
    { "name": "Bunde" },

    { "name": "Castricum" },
    { "name": "Coevorden" },
    { "name": "Culemborg" },

    { "name": "Dalfsen" },
    { "name": "Deventer" },
    { "name": "Deventer Colmschate" },
    { "name": "Delft" },
    { "name": "Delft Campus" },
    { "name": "Den Bosch" },
    { "name": "Den Dolder" },
    { "name": "Den Helder" },
    { "name": "Den Haag Centraal" },
    { "name": "Den Haag Hollands Spoor" },
    { "name": "Den Haag Laan van NOI" },
    { "name": "Den Haag Mariahoeve" },
    { "name": "Den Haag Moerwijk" },
    { "name": "Den Haag Ypenburg" },
    { "name": "Deurne" },
    { "name": "Diemen" },
    { "name": "Diemen Zuid" },
    { "name": "Dieren" },
    { "name": "Doetinchem" },
    { "name": "Doetinchem De Huet" },
    { "name": "Dordrecht" },
    { "name": "Dordrecht Stadspolders" },
    { "name": "Driebergen-Zeist" },
    { "name": "Dronten" },
    { "name": "Duivendrecht" },

    { "name": "Ede-Wageningen" },
    { "name": "Eemshaven" },
    { "name": "Eijsden" },
    { "name": "Eindhoven Centraal" },
    { "name": "Eindhoven Strijp-S" },
    { "name": "Elst" },
    { "name": "Emmen" },
    { "name": "Emmen Zuid" },
    { "name": "Enkhuizen" },
    { "name": "Enschede" },
    { "name": "Enschede De Eschmarke" },
    { "name": "Ermelo" },
    { "name": "Etten-Leur" },

    { "name": "Franeker" },

    { "name": "Geldermalsen" },
    { "name": "Geldrop" },
    { "name": "Geleen-Lutterade" },
    { "name": "Gilze-Rijen" },
    { "name": "Goes" },
    { "name": "Groningen" },
    { "name": "Groningen Europapark" },
    { "name": "Grou-Jirnsum" },

    { "name": "Haarlem" },
    { "name": "Haarlem Spaarnwoude" },
    { "name": "Hardenberg" },
    { "name": "Harderwijk" },
    { "name": "Heemskerk" },
    { "name": "Heemstede-Aerdenhout" },
    { "name": "Heerenveen" },
    { "name": "Heerhugowaard" },
    { "name": "Heerlen" },
    { "name": "Helmond" },
    { "name": "Helmond Brandevoort" },
    { "name": "Helmond Brouwhuis" },
    { "name": "Hengelo" },
    { "name": "Hillegom" },
    { "name": "Hilversum" },
    { "name": "Hilversum Media Park" },
    { "name": "Hoofddorp" },
    { "name": "Hoogeveen" },
    { "name": "Hoorn" },
    { "name": "Hoorn Kersenboogerd" },
    { "name": "Houten" },
    { "name": "Houten Castellum" },

    { "name": "Kampen" },
    { "name": "Kampen Zuid" },
    { "name": "Kapelle-Biezelinge" },
    { "name": "Kerkrade Centrum" },
    { "name": "Kesteren" },
    { "name": "Klimmen-Ransdaal" },
    { "name": "Koog aan de Zaan" },
    { "name": "Krabbendijke" },

    { "name": "Leiden Centraal" },
    { "name": "Leiden Lammenschans" },
    { "name": "Leidschendam-Voorburg" },
    { "name": "Lelystad Centrum" },
    { "name": "Lochem" },
    { "name": "Loppersum" },

    { "name": "Maastricht" },
    { "name": "Maastricht Noord" },
    { "name": "Maastricht Randwyck" },
    { "name": "Meppel" },
    { "name": "Middelburg" },

    { "name": "Naarden-Bussum" },
    { "name": "Nijkerk" },
    { "name": "Nijmegen" },
    { "name": "Nijmegen Dukenburg" },
    { "name": "Nijmegen Goffert" },

    { "name": "Oisterwijk" },
    { "name": "Oldenzaal" },
    { "name": "Ommen" },
    { "name": "Oss" },
    { "name": "Oss West" },

    { "name": "Purmerend" },
    { "name": "Purmerend Overwhere" },
    { "name": "Purmerend Weidevenne" },

    { "name": "Raalte" },
    { "name": "Roermond" },
    { "name": "Rotterdam Alexander" },
    { "name": "Rotterdam Blaak" },
    { "name": "Rotterdam Centraal" },
    { "name": "Rotterdam Lombardijen" },
    { "name": "Rotterdam Noord" },
    { "name": "Rotterdam Zuid" },

    { "name": "Schagen" },
    { "name": "Schiedam Centrum" },
    { "name": "Schiphol Airport" },
    { "name": "Sittard" },
    { "name": "Sneek" },
    { "name": "Sneek Noord" },
    { "name": "Soest" },
    { "name": "Soest Zuid" },
    { "name": "Steenwijk" },

    { "name": "Tiel" },
    { "name": "Tiel Passewaaij" },
    { "name": "Tilburg" },
    { "name": "Tilburg Reeshof" },

    { "name": "Utrecht Centraal" },
    { "name": "Utrecht Leidsche Rijn" },
    { "name": "Utrecht Lunetten" },
    { "name": "Utrecht Overvecht" },
    { "name": "Utrecht Terwijde" },
    { "name": "Utrecht Zuilen" },

    { "name": "Veenendaal Centrum" },
    { "name": "Veenendaal-De Klomp" },
    { "name": "Veenendaal West" },
    { "name": "Venlo" },
    { "name": "Venray" },
    { "name": "Vlaardingen Centrum" },
    { "name": "Vlaardingen Oost" },
    { "name": "Vlaardingen West" },
    { "name": "Voorschoten" },

    { "name": "Weert" },
    { "name": "Weesp" },
    { "name": "Wijchen" },
    { "name": "Winterswijk" },
    { "name": "Winterswijk West" },
    { "name": "Woerden" },

    { "name": "Zaandam" },
    { "name": "Zaandam Kogerveld" },
    { "name": "Zaltbommel" },
    { "name": "Zandvoort aan Zee" },
    { "name": "Zevenaar" },
    { "name": "Zoetermeer" },
    { "name": "Zoetermeer Oost" },
    { "name": "Zwolle" }
  ]
}
